{"cameraMode":{"drawMode":0,"name":"Shaded","section":"Shading Mode"},"sceneLighting":true,"audioPlay":false,"sceneViewState":{"showFog":true,"showMaterialUpdate":false,"showSkybox":true,"showFlares":true,"showImageEffects":true,"showParticleSystems":true},"in2DMode":false,"pivot":{"x":24.326875686645509,"y":-56.28689956665039,"z":220.03196716308595},"rotation":{"x":-0.12728053331375123,"y":-0.0529419369995594,"z":0.0068037002347409729,"w":-0.9904332756996155},"size":118.74437713623047,"orthographic":false}